metric,mean,std
success_rate,0.7000000000000001,0.08164965809277262
mean_return,-1027.6501429651523,706.4425623275736
