method,cost_per_order_mean,cost_per_order_std
random,18.497899561688307,nan
greedy_nearest,4.308961333323208,nan
milp_rolling,4.281738112644461,nan
dueling_dqn,26.17216194360829,1.240314573716844
